[
   {
      "id": 1,
      "img": "1.png",
      "nameProduct": "Remera con Bordado",
      "description": "Remera elegante con apliques dorados",
      "detailedDescription": "Es una remera negra con un diseño elegante y casual a la vez. Su tela es suave y fresca a pesar de la lycra, se adapta a la figura sin ser demasiado ajustado. Sus apliques bordados son sutiles pero llamativos. Perfecta para combinar con jeans, pantalones sastreros o faldas.",
      "condition": "Usado, como nuevo",
      "stuff": "Algodón y lycra",
      "category": "Mujer",
      "size": "M",
      "price": "6000",
      "section": "ingresos"
   },
   {
      "id": 2,
      "img": "2.png",
      "nameProduct": "Camisaco Abrigado",
      "description": "Camisaco escoces azul y beige, con cierre, tipo campera",
      "detailedDescription": "De lana de algodón, con un diseño escoces en tonos azules y beige. Su cierre es de metal y sus bolsillos son amplios. Es abrigado y cómodo, ideal para el invierno.",
      "condition": "Usado, buen estado",
      "stuff": "Lana de algodón",
      "category": "Hombre",
      "size": "XL",
      "price": "10000",
      "section": "ingresos"
   },
   {
      "id": 3,
      "img": "3.png",
      "nameProduct": "Jean Mom",
      "description": "Jean estilo Mom con roturas",
      "detailedDescription": "Jean de tiro alto, estilo Mom, con roturas en las rodillas. Es un jean de corte recto y amplio, muy cómodo y versátil. Ideal para combinar con remeras, camisas, sweaters y zapatillas.",
      "condition": "Usado, buen estado",
      "stuff": "Jean",
      "category": "Mujer",
      "size": "M",
      "price": "10000",
      "section": "ingresos"
   },
   {
      "id": 4,
      "img": "4.png",
      "nameProduct": "Remera Nevada Estampada",
      "description": "Remera de moda con efecto 'nevado' con estampado",
      "detailedDescription": "Remera de algodón con estampado de moda y juvenil, con un efecto 'nevado' que le da un toque original. Es una remera amplia y cómoda, ideal para combinar con jeans, shorts o faldas.",
      "condition": "Usado, como nuevo",
      "stuff": "Algodón 100%",
      "category": "Mujer",
      "size": "L",
      "price": "8000",
      "section": "ingresos"
   },
   {
      "id": 5,
      "img": "5.png",
      "nameProduct": "Campera Vintage 90's",
      "description": "Campera con forro, estilo noventosa de colores vibrantes",
      "detailedDescription": "Campera de tela rompeviento, estilo noventosa con colores vibrantes. Es una campera amplia, cómoda y a la moda.",
      "condition": "Usado, buen estado",
      "stuff": "Tela rompeviento",
      "category": "Mujer",
      "size": "XL",
      "price": "12000",
      "section": "ingresos"
   },
   {
      "id": 6,
      "img": "6.png",
      "nameProduct": "Jean Baggy",
      "description": "Jean de moda amplio tipo baggy",
      "detailedDescription": "Jean juvenil estilo baggy. Es un jean de corte recto y amplio.",
      "condition": "Nuevo",
      "stuff": "Jean",
      "category": "Hombre",
      "size": "Oversize",
      "price": "15000",
      "section": "ingresos"
   },
   {
      "id": 7,
      "img": "7.png",
      "nameProduct": "Campera de Montaña",
      "description": "Campera con forro tipo Montagne, abrigada e impermeable",
      "detailedDescription": "Campera de tela impermeable y polar, con forro. Es abrigada y funcional ya que tiene variedad de bolsillos, ideal para el invierno y para actividades al aire libre, o simplemente para un día frío.",
      "condition": "Usado, como nuevo",
      "stuff": "Tela impermeable y polar",
      "category": "Mujer",
      "size": "L",
      "price": "20000",
      "section": "ingresos"
   },
   {
      "id": 8,
      "img": "8.png",
      "nameProduct": "Campera University",
      "description": "Campera tipo universitaria amplia y abrigada",
      "detailedDescription": "Campera estilo universitaria tipo americana, con diseños deportivos de beisbol.",
      "condition": "Usado, buen estado",
      "stuff": "Algodón",
      "category": "Hombre",
      "size": "M",
      "price": "10000",
      "section": "ingresos"
   },
   {
      "id": 9,
      "img": "9.png",
      "nameProduct": "Campera Aviadora",
      "description": "Chaqueta marrón con un estilo vintage y robusto",
      "detailedDescription": "Chaqueta simil cuero marrón con diseño oversized le da un aspecto relajado y cómodo. Los detalles de la chaqueta incluyen costuras visibles en un tono más claro que el cuero, lo que añade un toque de contraste y refuerza su apariencia robusta. Su cuello es desmontable",
      "condition": "Usado, como nuevo",
      "stuff": "Simil Cuero",
      "category": "Hombre",
      "size": "Oversize",
      "price": "50000",
      "section": "ingresos"
   }
]